{"ideal": [0.5635666817078525, 0.4587702990224891, 0.5599948563485219, -0.03694117065286111, 2.390168222173989, 0.9032818241717814, 0.5791644324010542, 0.7853981633974484, 2.6182111841338145, 2.840331724420094, 1.154758393312581, 0.7853981633974476, 0.7853981633974483, 0.7853981633974483], "noisy": [0.46951021774141044, 0.9105319920501195, 0.5212606508118747, 0.4676862634790005, 2.140079635055163, -0.5721538924740517, 0.9476153472839001, 0.8000476963944573, 2.4037743442223753, 1.594935827899825, 0.8807758658762039, 0.7882149710665416, 0.7688280100270238, 0.8133484880025956], "hardware": [1.4448906534295043, -0.11255099676132643, 1.4753207634801484, -0.5462226152450695, 1.6692710945525262, 0.4774721113307578, -0.2954377634440314, 1.4191817474969908, -0.14419524402827508, 1.114572626965117, 1.7458262859880904, 0.7991592667270492, 0.26318282744673077, 0.5480942410740116]}