{"ideal": {"0": [1.5657261960038489, 0.6601458473855077, 2.8285334297797657, 0.944680214777412, 0.9454262328486719, 0.09449679783879426, 1.6443977739501419, 4.799304537459211], "1": [1.570230006541196, 5.468531357691636, 0.3294801995958943, 2.1883881014746724, 2.1814673140561247, 2.7401196347402768, 1.785062322777363, 4.936994088308768], "2": [1.5744572861597794, 0.8034895973703301, 0.2446042801824785, 2.2346246890276005, 2.231881312575339, 0.24392515992145522, 1.4253529636436675, 4.56781988924672], "3": [1.575780697514717, 5.886636437940815, 2.856491623153146, 0.9188206477725898, 0.9109335584378546, 2.7610621759905025, 1.3795150498546378, 4.511147782997909]}, "noisy": {"0": [1.5649179151517885, 0.7800991947021272, 2.8720217588682675, 0.5198332162162218, 0.6155453036875049, 0.14719863980826123, 1.155993406158354, 1.1240278554853398], "1": [1.5737880526047332, 0.9933802923346492, 0.20987537543056536, 0.9245744228610885, 0.7793951184574451, 2.818792746558092, 0.8879620642739651, 0.8158981872800958], "2": [1.5696459216675884, 0.7851132147604549, 0.21648001894878982, 0.9315190786761256, 1.2538534511262975, 0.20655205677131713, 0.9492447051631208, 1.007461426629438], "3": [1.592014909283156, 0.8275327670434358, 2.6559168675768605, 0.3248058483445561, 0.9958243516467227, 1.9513322972792835, 0.31042044445543954, 0.9455966107503799]}, "hardware": {"0": [1.5083842179347722, 0.44029712446880676, 2.7500144621103604, 0.6138837671426632, 0.6450887332092908, 0.32989806904508645, 0.46577043703246923, 0.7390019993145552], "1": [1.5760708890345405, 0.8489797488597187, 6.282157166463949, 1.3734710865186062, 0.2807243222724379, 2.7052519893167286, 0.6709611050568306, 0.7238919513363348], "2": [1.5520412298149835, 0.7488767502647721, 0.09653036076000072, 0.8540696750633345, 0.7823931068958115, 0.20307886095472202, 0.8285523826552427, 1.0102029417306984], "3": [1.5517715664585987, 1.2041493523259699, 2.8643275921325833, 0.6556663591943213, 1.0504536939732907, 2.6414160292273228, 0.7993436808939054, 0.9414987352752026]}}